{
	"class_name" : "PinholeCameraParameters",
	"extrinsic" : 
	[
		0.75777819302403415,
		0.64990724773018316,
		-0.058247570979465958,
		0.0,
		0.65011366847994256,
		-0.75962548410955566,
		-0.01792601313384172,
		0.0,
		-0.055896585162072708,
		-0.024283600208818805,
		-0.99814121171711845,
		0.0,
		-0.15423901098988968,
		0.1046776330421155,
		1.8625328639744827,
		1.0
	],
	"intrinsic" : 
	{
		"height" : 1080,
		"intrinsic_matrix" : 
		[
			935.30743608719399,
			0.0,
			0.0,
			0.0,
			935.30743608719399,
			0.0,
			959.5,
			539.5,
			1.0
		],
		"width" : 1920
	},
	"version_major" : 1,
	"version_minor" : 0
}