{
	"class_name" : "PinholeCameraParameters",
	"extrinsic" : 
	[
		0.9830992439120031,
		-0.11457815466537336,
		-0.14278558433233351,
		0.0,
		-0.1489090845592973,
		-0.95416997385936408,
		-0.25958764516234745,
		0.0,
		-0.10649864391324518,
		0.27646248833919324,
		-0.9551055079863906,
		0.0,
		-0.027053013934106057,
		0.20396760729286234,
		1.913731845429872,
		1.0
	],
	"intrinsic" : 
	{
		"height" : 1080,
		"intrinsic_matrix" : 
		[
			935.30743608719399,
			0.0,
			0.0,
			0.0,
			935.30743608719399,
			0.0,
			959.5,
			539.5,
			1.0
		],
		"width" : 1920
	},
	"version_major" : 1,
	"version_minor" : 0
}